{"cameraMode":{"drawMode":0,"name":"Shaded","section":"Shading Mode"},"sceneLighting":false,"audioPlay":false,"sceneViewState":{"showFog":true,"showMaterialUpdate":false,"showSkybox":false,"showFlares":true,"showImageEffects":true,"showParticleSystems":true},"in2DMode":false,"pivot":{"x":0.09505701065063477,"y":0.46880465745925906,"z":0.0},"rotation":{"x":0.29438310861587527,"y":-0.18687734007835389,"z":0.05881262943148613,"w":0.9354076385498047},"size":18.864212036132814,"orthographic":false}